"distribution","n","sm","hd","thd.sqrt"
"Uniform(a=0, b=1)",5,0.15952,0.1178,0.13712
"Uniform(a=0, b=1)",6,0.1372,0.10656,0.12256
"Uniform(a=0, b=1)",7,0.13834,0.10463,0.12319
"Uniform(a=0, b=1)",8,0.11956,0.09963,0.11156
"Uniform(a=0, b=1)",9,0.12065,0.09661,0.11068
"Uniform(a=0, b=1)",10,0.11266,0.09498,0.10603
"Uniform(a=0, b=1)",11,0.1098,0.09046,0.10085
"Uniform(a=0, b=1)",12,0.10352,0.08991,0.09804
"Uniform(a=0, b=1)",13,0.09958,0.08593,0.09357
"Uniform(a=0, b=1)",14,0.09333,0.08216,0.08938
"Uniform(a=0, b=1)",15,0.09729,0.08288,0.09016
"Uniform(a=0, b=1)",16,0.09031,0.07936,0.08657
"Uniform(a=0, b=1)",17,0.0853,0.07419,0.07962
"Uniform(a=0, b=1)",18,0.08405,0.07399,0.0802
"Uniform(a=0, b=1)",19,0.0856,0.07607,0.08157
"Uniform(a=0, b=1)",20,0.07946,0.07004,0.07563
"Uniform(a=0, b=1)",21,0.07913,0.06813,0.0729
"Uniform(a=0, b=1)",22,0.0748,0.06694,0.0714
"Uniform(a=0, b=1)",23,0.07651,0.06862,0.0729
"Uniform(a=0, b=1)",24,0.07435,0.06652,0.07077
"Uniform(a=0, b=1)",25,0.07034,0.064,0.06749
"Uniform(a=0, b=1)",26,0.06946,0.06287,0.06686
"Uniform(a=0, b=1)",27,0.06971,0.06214,0.06541
"Uniform(a=0, b=1)",28,0.07004,0.06298,0.06674
"Uniform(a=0, b=1)",29,0.06926,0.05973,0.0636
"Uniform(a=0, b=1)",30,0.06678,0.06067,0.064
"Uniform(a=0, b=1)",31,0.06564,0.05768,0.06118
"Uniform(a=0, b=1)",32,0.06119,0.05583,0.05868
"Uniform(a=0, b=1)",33,0.0643,0.05695,0.06011
"Uniform(a=0, b=1)",34,0.05953,0.05401,0.05706
"Uniform(a=0, b=1)",35,0.06226,0.05661,0.05974
"Uniform(a=0, b=1)",36,0.06407,0.05843,0.0616
"Uniform(a=0, b=1)",37,0.06194,0.05611,0.05881
"Uniform(a=0, b=1)",38,0.05943,0.05441,0.05704
"Uniform(a=0, b=1)",39,0.05874,0.05262,0.0553
"Uniform(a=0, b=1)",40,0.05692,0.05288,0.05537
"Uniform(a=0, b=1)",41,0.05752,0.05224,0.05454
"Uniform(a=0, b=1)",42,0.05538,0.05127,0.05355
"Uniform(a=0, b=1)",43,0.05577,0.05058,0.05303
"Uniform(a=0, b=1)",44,0.0548,0.05047,0.05272
"Uniform(a=0, b=1)",45,0.05346,0.04813,0.05057
"Uniform(a=0, b=1)",46,0.05256,0.04842,0.05044
"Uniform(a=0, b=1)",47,0.05425,0.04946,0.05192
"Uniform(a=0, b=1)",48,0.05487,0.05045,0.05259
"Uniform(a=0, b=1)",49,0.05151,0.04642,0.04878
"Uniform(a=0, b=1)",50,0.05082,0.04746,0.04939
"Triangular(a=0, b=2, c=1)",5,0.23901,0.17049,0.19439
"Triangular(a=0, b=2, c=1)",6,0.1889,0.15725,0.17551
"Triangular(a=0, b=2, c=1)",7,0.20314,0.15467,0.17714
"Triangular(a=0, b=2, c=1)",8,0.17883,0.14491,0.16368
"Triangular(a=0, b=2, c=1)",9,0.17885,0.14085,0.16113
"Triangular(a=0, b=2, c=1)",10,0.16213,0.13719,0.15211
"Triangular(a=0, b=2, c=1)",11,0.15441,0.12445,0.13717
"Triangular(a=0, b=2, c=1)",12,0.144,0.126,0.13728
"Triangular(a=0, b=2, c=1)",13,0.14399,0.12008,0.13145
"Triangular(a=0, b=2, c=1)",14,0.13574,0.11821,0.12843
"Triangular(a=0, b=2, c=1)",15,0.13703,0.11685,0.12552
"Triangular(a=0, b=2, c=1)",16,0.13151,0.11473,0.12483
"Triangular(a=0, b=2, c=1)",17,0.12134,0.10712,0.11408
"Triangular(a=0, b=2, c=1)",18,0.11916,0.10471,0.11253
"Triangular(a=0, b=2, c=1)",19,0.11878,0.10576,0.11154
"Triangular(a=0, b=2, c=1)",20,0.11569,0.10095,0.10875
"Triangular(a=0, b=2, c=1)",21,0.11242,0.09832,0.10432
"Triangular(a=0, b=2, c=1)",22,0.10718,0.09654,0.10222
"Triangular(a=0, b=2, c=1)",23,0.11418,0.10363,0.10955
"Triangular(a=0, b=2, c=1)",24,0.1031,0.09305,0.09861
"Triangular(a=0, b=2, c=1)",25,0.10424,0.0937,0.09804
"Triangular(a=0, b=2, c=1)",26,0.1023,0.09245,0.09739
"Triangular(a=0, b=2, c=1)",27,0.09778,0.08701,0.09237
"Triangular(a=0, b=2, c=1)",28,0.09736,0.08938,0.09388
"Triangular(a=0, b=2, c=1)",29,0.09791,0.08795,0.09281
"Triangular(a=0, b=2, c=1)",30,0.09426,0.08588,0.09066
"Triangular(a=0, b=2, c=1)",31,0.09659,0.0862,0.09082
"Triangular(a=0, b=2, c=1)",32,0.09043,0.08288,0.08686
"Triangular(a=0, b=2, c=1)",33,0.0881,0.08158,0.08519
"Triangular(a=0, b=2, c=1)",34,0.08766,0.07957,0.08363
"Triangular(a=0, b=2, c=1)",35,0.08859,0.08027,0.08404
"Triangular(a=0, b=2, c=1)",36,0.08879,0.08147,0.08528
"Triangular(a=0, b=2, c=1)",37,0.08545,0.07849,0.08215
"Triangular(a=0, b=2, c=1)",38,0.0853,0.07751,0.08145
"Triangular(a=0, b=2, c=1)",39,0.08439,0.07596,0.07919
"Triangular(a=0, b=2, c=1)",40,0.07965,0.07473,0.07739
"Triangular(a=0, b=2, c=1)",41,0.08096,0.07316,0.07692
"Triangular(a=0, b=2, c=1)",42,0.08189,0.07463,0.07808
"Triangular(a=0, b=2, c=1)",43,0.07981,0.07398,0.07706
"Triangular(a=0, b=2, c=1)",44,0.07658,0.07014,0.07311
"Triangular(a=0, b=2, c=1)",45,0.07927,0.07181,0.07485
"Triangular(a=0, b=2, c=1)",46,0.07428,0.06908,0.0717
"Triangular(a=0, b=2, c=1)",47,0.07411,0.06845,0.071
"Triangular(a=0, b=2, c=1)",48,0.07758,0.07189,0.07464
"Triangular(a=0, b=2, c=1)",49,0.07575,0.06945,0.07224
"Triangular(a=0, b=2, c=1)",50,0.07494,0.06993,0.07245
"Triangular(a=0, b=2, c=0.2)",5,0.25361,0.19542,0.22311
"Triangular(a=0, b=2, c=0.2)",6,0.21714,0.17987,0.19999
"Triangular(a=0, b=2, c=0.2)",7,0.219,0.16785,0.19404
"Triangular(a=0, b=2, c=0.2)",8,0.19603,0.16129,0.18053
"Triangular(a=0, b=2, c=0.2)",9,0.18949,0.15432,0.17554
"Triangular(a=0, b=2, c=0.2)",10,0.16943,0.14879,0.1627
"Triangular(a=0, b=2, c=0.2)",11,0.1738,0.14488,0.15933
"Triangular(a=0, b=2, c=0.2)",12,0.16077,0.14224,0.15398
"Triangular(a=0, b=2, c=0.2)",13,0.16386,0.13788,0.15017
"Triangular(a=0, b=2, c=0.2)",14,0.14567,0.12887,0.13974
"Triangular(a=0, b=2, c=0.2)",15,0.14791,0.1237,0.13408
"Triangular(a=0, b=2, c=0.2)",16,0.13855,0.12467,0.13462
"Triangular(a=0, b=2, c=0.2)",17,0.14516,0.12792,0.13714
"Triangular(a=0, b=2, c=0.2)",18,0.12965,0.11769,0.12443
"Triangular(a=0, b=2, c=0.2)",19,0.13168,0.11302,0.12048
"Triangular(a=0, b=2, c=0.2)",20,0.12519,0.11296,0.1199
"Triangular(a=0, b=2, c=0.2)",21,0.12175,0.10978,0.11585
"Triangular(a=0, b=2, c=0.2)",22,0.12526,0.11154,0.11921
"Triangular(a=0, b=2, c=0.2)",23,0.11935,0.10429,0.11117
"Triangular(a=0, b=2, c=0.2)",24,0.11685,0.10783,0.11347
"Triangular(a=0, b=2, c=0.2)",25,0.11682,0.10302,0.10914
"Triangular(a=0, b=2, c=0.2)",26,0.10946,0.09942,0.10488
"Triangular(a=0, b=2, c=0.2)",27,0.11189,0.09923,0.10441
"Triangular(a=0, b=2, c=0.2)",28,0.11105,0.1013,0.10656
"Triangular(a=0, b=2, c=0.2)",29,0.10943,0.09897,0.10382
"Triangular(a=0, b=2, c=0.2)",30,0.10106,0.09292,0.09707
"Triangular(a=0, b=2, c=0.2)",31,0.10284,0.09273,0.09735
"Triangular(a=0, b=2, c=0.2)",32,0.10304,0.09467,0.09882
"Triangular(a=0, b=2, c=0.2)",33,0.10187,0.09051,0.09467
"Triangular(a=0, b=2, c=0.2)",34,0.09854,0.09087,0.09474
"Triangular(a=0, b=2, c=0.2)",35,0.09952,0.09108,0.09422
"Triangular(a=0, b=2, c=0.2)",36,0.09562,0.089,0.09323
"Triangular(a=0, b=2, c=0.2)",37,0.09673,0.08771,0.09128
"Triangular(a=0, b=2, c=0.2)",38,0.0939,0.08569,0.08979
"Triangular(a=0, b=2, c=0.2)",39,0.09177,0.08457,0.08749
"Triangular(a=0, b=2, c=0.2)",40,0.09119,0.08328,0.08689
"Triangular(a=0, b=2, c=0.2)",41,0.08824,0.08203,0.08508
"Triangular(a=0, b=2, c=0.2)",42,0.08721,0.08105,0.08418
"Triangular(a=0, b=2, c=0.2)",43,0.09136,0.08427,0.0876
"Triangular(a=0, b=2, c=0.2)",44,0.08692,0.08009,0.08312
"Triangular(a=0, b=2, c=0.2)",45,0.08456,0.07894,0.08151
"Triangular(a=0, b=2, c=0.2)",46,0.08322,0.07734,0.08035
"Triangular(a=0, b=2, c=0.2)",47,0.08793,0.08156,0.08451
"Triangular(a=0, b=2, c=0.2)",48,0.08057,0.07506,0.07792
"Triangular(a=0, b=2, c=0.2)",49,0.08093,0.07426,0.07761
"Triangular(a=0, b=2, c=0.2)",50,0.08117,0.07605,0.0786
"Beta(a=2, b=4)",5,0.09967,0.07461,0.08442
"Beta(a=2, b=4)",6,0.0879,0.07117,0.08026
"Beta(a=2, b=4)",7,0.08468,0.06572,0.07462
"Beta(a=2, b=4)",8,0.07331,0.06298,0.06872
"Beta(a=2, b=4)",9,0.0757,0.0611,0.06896
"Beta(a=2, b=4)",10,0.06498,0.05599,0.0611
"Beta(a=2, b=4)",11,0.06898,0.05681,0.06198
"Beta(a=2, b=4)",12,0.06319,0.05479,0.05939
"Beta(a=2, b=4)",13,0.06165,0.05396,0.0583
"Beta(a=2, b=4)",14,0.05812,0.05099,0.05563
"Beta(a=2, b=4)",15,0.05684,0.04849,0.05244
"Beta(a=2, b=4)",16,0.05491,0.0477,0.05186
"Beta(a=2, b=4)",17,0.0556,0.04816,0.05169
"Beta(a=2, b=4)",18,0.05135,0.0456,0.04889
"Beta(a=2, b=4)",19,0.05169,0.04523,0.04781
"Beta(a=2, b=4)",20,0.04662,0.04151,0.0442
"Beta(a=2, b=4)",21,0.04876,0.04316,0.04569
"Beta(a=2, b=4)",22,0.04631,0.0417,0.04398
"Beta(a=2, b=4)",23,0.04441,0.03885,0.04122
"Beta(a=2, b=4)",24,0.04428,0.04013,0.04243
"Beta(a=2, b=4)",25,0.04443,0.03885,0.04151
"Beta(a=2, b=4)",26,0.04053,0.03671,0.03852
"Beta(a=2, b=4)",27,0.04224,0.03738,0.03931
"Beta(a=2, b=4)",28,0.0404,0.03661,0.03855
"Beta(a=2, b=4)",29,0.03983,0.036,0.03765
"Beta(a=2, b=4)",30,0.03952,0.0359,0.03778
"Beta(a=2, b=4)",31,0.03974,0.03619,0.03791
"Beta(a=2, b=4)",32,0.03881,0.03538,0.03719
"Beta(a=2, b=4)",33,0.03892,0.03588,0.03734
"Beta(a=2, b=4)",34,0.03692,0.03373,0.03533
"Beta(a=2, b=4)",35,0.03693,0.03355,0.03506
"Beta(a=2, b=4)",36,0.03602,0.03348,0.03488
"Beta(a=2, b=4)",37,0.03653,0.03304,0.03465
"Beta(a=2, b=4)",38,0.03571,0.03288,0.03441
"Beta(a=2, b=4)",39,0.03569,0.03242,0.03376
"Beta(a=2, b=4)",40,0.03444,0.03178,0.03319
"Beta(a=2, b=4)",41,0.03364,0.03002,0.0315
"Beta(a=2, b=4)",42,0.0341,0.03167,0.03291
"Beta(a=2, b=4)",43,0.03289,0.0303,0.03124
"Beta(a=2, b=4)",44,0.03254,0.02979,0.03102
"Beta(a=2, b=4)",45,0.03261,0.03013,0.03125
"Beta(a=2, b=4)",46,0.03307,0.03038,0.03154
"Beta(a=2, b=4)",47,0.03215,0.02954,0.03079
"Beta(a=2, b=4)",48,0.03111,0.02876,0.02993
"Beta(a=2, b=4)",49,0.03088,0.02824,0.0295
"Beta(a=2, b=4)",50,0.03046,0.02821,0.02923
"Beta(a=2, b=10)",5,0.05994,0.04601,0.05151
"Beta(a=2, b=10)",6,0.04721,0.0413,0.04432
"Beta(a=2, b=10)",7,0.04912,0.03948,0.04397
"Beta(a=2, b=10)",8,0.04478,0.03865,0.04212
"Beta(a=2, b=10)",9,0.04143,0.03475,0.03791
"Beta(a=2, b=10)",10,0.03869,0.03386,0.03669
"Beta(a=2, b=10)",11,0.03901,0.03299,0.03543
"Beta(a=2, b=10)",12,0.03379,0.02997,0.03224
"Beta(a=2, b=10)",13,0.03413,0.02983,0.03183
"Beta(a=2, b=10)",14,0.03327,0.0293,0.03163
"Beta(a=2, b=10)",15,0.03156,0.02762,0.0293
"Beta(a=2, b=10)",16,0.02941,0.02674,0.02818
"Beta(a=2, b=10)",17,0.02859,0.02536,0.02678
"Beta(a=2, b=10)",18,0.02859,0.02583,0.02746
"Beta(a=2, b=10)",19,0.0277,0.02488,0.02616
"Beta(a=2, b=10)",20,0.02663,0.0244,0.02562
"Beta(a=2, b=10)",21,0.02659,0.02399,0.02543
"Beta(a=2, b=10)",22,0.02449,0.02268,0.02363
"Beta(a=2, b=10)",23,0.02571,0.02314,0.02442
"Beta(a=2, b=10)",24,0.0249,0.02283,0.02387
"Beta(a=2, b=10)",25,0.02439,0.0223,0.02324
"Beta(a=2, b=10)",26,0.02374,0.02157,0.02258
"Beta(a=2, b=10)",27,0.02325,0.02111,0.02184
"Beta(a=2, b=10)",28,0.02271,0.02106,0.02183
"Beta(a=2, b=10)",29,0.02308,0.02019,0.02124
"Beta(a=2, b=10)",30,0.02128,0.01949,0.02036
"Beta(a=2, b=10)",31,0.02249,0.02064,0.02137
"Beta(a=2, b=10)",32,0.02166,0.02001,0.02074
"Beta(a=2, b=10)",33,0.02067,0.01898,0.01971
"Beta(a=2, b=10)",34,0.02119,0.01959,0.02048
"Beta(a=2, b=10)",35,0.0205,0.01877,0.01959
"Beta(a=2, b=10)",36,0.02034,0.01888,0.01962
"Beta(a=2, b=10)",37,0.02043,0.01842,0.01924
"Beta(a=2, b=10)",38,0.019,0.01756,0.01827
"Beta(a=2, b=10)",39,0.01939,0.01792,0.01854
"Beta(a=2, b=10)",40,0.01856,0.01733,0.01797
"Beta(a=2, b=10)",41,0.01974,0.01818,0.01873
"Beta(a=2, b=10)",42,0.01889,0.0174,0.01802
"Beta(a=2, b=10)",43,0.01786,0.01659,0.01719
"Beta(a=2, b=10)",44,0.01762,0.01661,0.01723
"Beta(a=2, b=10)",45,0.01845,0.01734,0.01787
"Beta(a=2, b=10)",46,0.0178,0.01657,0.01722
"Beta(a=2, b=10)",47,0.01754,0.0163,0.01686
"Beta(a=2, b=10)",48,0.0175,0.01643,0.01697
"Beta(a=2, b=10)",49,0.01713,0.01598,0.01654
"Beta(a=2, b=10)",50,0.01746,0.01619,0.01683
"Normal(m=0, sd=1)",5,0.59179,0.42547,0.47983
"Normal(m=0, sd=1)",6,0.45685,0.37912,0.42172
"Normal(m=0, sd=1)",7,0.49178,0.37412,0.42045
"Normal(m=0, sd=1)",8,0.41466,0.3531,0.38784
"Normal(m=0, sd=1)",9,0.41378,0.33422,0.37556
"Normal(m=0, sd=1)",10,0.37015,0.31819,0.34661
"Normal(m=0, sd=1)",11,0.37979,0.31423,0.34388
"Normal(m=0, sd=1)",12,0.33144,0.28549,0.31095
"Normal(m=0, sd=1)",13,0.34986,0.29185,0.31495
"Normal(m=0, sd=1)",14,0.31618,0.27636,0.29907
"Normal(m=0, sd=1)",15,0.3132,0.2671,0.28638
"Normal(m=0, sd=1)",16,0.28193,0.24581,0.26849
"Normal(m=0, sd=1)",17,0.28723,0.24223,0.26183
"Normal(m=0, sd=1)",18,0.27829,0.25048,0.26802
"Normal(m=0, sd=1)",19,0.28433,0.24285,0.25847
"Normal(m=0, sd=1)",20,0.26011,0.23215,0.24746
"Normal(m=0, sd=1)",21,0.25343,0.22182,0.23606
"Normal(m=0, sd=1)",22,0.24625,0.22509,0.23689
"Normal(m=0, sd=1)",23,0.25644,0.23308,0.24386
"Normal(m=0, sd=1)",24,0.24103,0.21359,0.22669
"Normal(m=0, sd=1)",25,0.24674,0.22419,0.23543
"Normal(m=0, sd=1)",26,0.22139,0.20198,0.21222
"Normal(m=0, sd=1)",27,0.22526,0.20483,0.21581
"Normal(m=0, sd=1)",28,0.22328,0.20561,0.21579
"Normal(m=0, sd=1)",29,0.21599,0.19585,0.2049
"Normal(m=0, sd=1)",30,0.2124,0.18952,0.20033
"Normal(m=0, sd=1)",31,0.21313,0.19183,0.20061
"Normal(m=0, sd=1)",32,0.20474,0.18645,0.19449
"Normal(m=0, sd=1)",33,0.21315,0.19052,0.19938
"Normal(m=0, sd=1)",34,0.20663,0.19039,0.1993
"Normal(m=0, sd=1)",35,0.19702,0.18072,0.18832
"Normal(m=0, sd=1)",36,0.19332,0.17834,0.18557
"Normal(m=0, sd=1)",37,0.20141,0.18099,0.18946
"Normal(m=0, sd=1)",38,0.18069,0.16682,0.1728
"Normal(m=0, sd=1)",39,0.18557,0.17264,0.17877
"Normal(m=0, sd=1)",40,0.18346,0.17041,0.1779
"Normal(m=0, sd=1)",41,0.18365,0.16666,0.17374
"Normal(m=0, sd=1)",42,0.18067,0.16581,0.17294
"Normal(m=0, sd=1)",43,0.18285,0.16804,0.17518
"Normal(m=0, sd=1)",44,0.1753,0.16306,0.16982
"Normal(m=0, sd=1)",45,0.17386,0.15888,0.16479
"Normal(m=0, sd=1)",46,0.17715,0.16446,0.17081
"Normal(m=0, sd=1)",47,0.18052,0.16508,0.17179
"Normal(m=0, sd=1)",48,0.16174,0.15018,0.15694
"Normal(m=0, sd=1)",49,0.16697,0.15224,0.15816
"Normal(m=0, sd=1)",50,0.16644,0.1564,0.16153
"Weibull(scale=1, shape=2)",5,0.265,0.19608,0.219
"Weibull(scale=1, shape=2)",6,0.21729,0.18134,0.20069
"Weibull(scale=1, shape=2)",7,0.22747,0.17914,0.20141
"Weibull(scale=1, shape=2)",8,0.19797,0.16818,0.1846
"Weibull(scale=1, shape=2)",9,0.18714,0.1525,0.16904
"Weibull(scale=1, shape=2)",10,0.17099,0.14964,0.16228
"Weibull(scale=1, shape=2)",11,0.16781,0.14265,0.15382
"Weibull(scale=1, shape=2)",12,0.15849,0.13792,0.15054
"Weibull(scale=1, shape=2)",13,0.15898,0.1354,0.14556
"Weibull(scale=1, shape=2)",14,0.14869,0.13107,0.14153
"Weibull(scale=1, shape=2)",15,0.14189,0.11969,0.12751
"Weibull(scale=1, shape=2)",16,0.13674,0.12285,0.13104
"Weibull(scale=1, shape=2)",17,0.1335,0.11612,0.12279
"Weibull(scale=1, shape=2)",18,0.12973,0.11596,0.12379
"Weibull(scale=1, shape=2)",19,0.12662,0.1091,0.11603
"Weibull(scale=1, shape=2)",20,0.12418,0.11345,0.11957
"Weibull(scale=1, shape=2)",21,0.12027,0.10646,0.11271
"Weibull(scale=1, shape=2)",22,0.1171,0.10541,0.11149
"Weibull(scale=1, shape=2)",23,0.11438,0.10198,0.10766
"Weibull(scale=1, shape=2)",24,0.11239,0.10139,0.10678
"Weibull(scale=1, shape=2)",25,0.11345,0.10264,0.10718
"Weibull(scale=1, shape=2)",26,0.111,0.10114,0.10618
"Weibull(scale=1, shape=2)",27,0.10454,0.09364,0.09878
"Weibull(scale=1, shape=2)",28,0.10164,0.09337,0.09764
"Weibull(scale=1, shape=2)",29,0.10385,0.09382,0.09875
"Weibull(scale=1, shape=2)",30,0.10021,0.09384,0.09791
"Weibull(scale=1, shape=2)",31,0.10239,0.09079,0.09544
"Weibull(scale=1, shape=2)",32,0.09719,0.08872,0.09318
"Weibull(scale=1, shape=2)",33,0.09861,0.08902,0.09259
"Weibull(scale=1, shape=2)",34,0.09636,0.08811,0.09287
"Weibull(scale=1, shape=2)",35,0.09327,0.08497,0.08895
"Weibull(scale=1, shape=2)",36,0.09117,0.08329,0.08726
"Weibull(scale=1, shape=2)",37,0.09472,0.08607,0.08982
"Weibull(scale=1, shape=2)",38,0.08785,0.08135,0.08464
"Weibull(scale=1, shape=2)",39,0.09043,0.08294,0.08582
"Weibull(scale=1, shape=2)",40,0.08882,0.08354,0.08653
"Weibull(scale=1, shape=2)",41,0.08744,0.07882,0.08185
"Weibull(scale=1, shape=2)",42,0.08256,0.07743,0.08
"Weibull(scale=1, shape=2)",43,0.0846,0.07638,0.0797
"Weibull(scale=1, shape=2)",44,0.0836,0.07763,0.08082
"Weibull(scale=1, shape=2)",45,0.08378,0.07559,0.07886
"Weibull(scale=1, shape=2)",46,0.0783,0.07337,0.07582
"Weibull(scale=1, shape=2)",47,0.08166,0.07555,0.07862
"Weibull(scale=1, shape=2)",48,0.07753,0.07308,0.0753
"Weibull(scale=1, shape=2)",49,0.07843,0.0723,0.0748
"Weibull(scale=1, shape=2)",50,0.075,0.06983,0.07216
"Student(df=3)",5,0.79278,0.75464,0.73904
"Student(df=3)",6,0.68583,0.63122,0.65015
"Student(df=3)",7,0.67389,0.54712,0.58656
"Student(df=3)",8,0.52175,0.47041,0.49143
"Student(df=3)",9,0.55691,0.46597,0.49885
"Student(df=3)",10,0.5171,0.46576,0.48682
"Student(df=3)",11,0.49427,0.43986,0.4635
"Student(df=3)",12,0.42924,0.39165,0.41132
"Student(df=3)",13,0.42933,0.38806,0.40545
"Student(df=3)",14,0.39337,0.36011,0.37868
"Student(df=3)",15,0.4277,0.36776,0.38708
"Student(df=3)",16,0.37065,0.33874,0.35597
"Student(df=3)",17,0.38123,0.33612,0.35409
"Student(df=3)",18,0.35888,0.32774,0.34401
"Student(df=3)",19,0.3505,0.30529,0.31855
"Student(df=3)",20,0.32188,0.29379,0.30939
"Student(df=3)",21,0.34417,0.3067,0.31948
"Student(df=3)",22,0.31395,0.29053,0.30408
"Student(df=3)",23,0.31934,0.28919,0.30187
"Student(df=3)",24,0.30558,0.28406,0.296
"Student(df=3)",25,0.29578,0.27022,0.28179
"Student(df=3)",26,0.28516,0.26728,0.27597
"Student(df=3)",27,0.28271,0.26227,0.27057
"Student(df=3)",28,0.27602,0.25745,0.26609
"Student(df=3)",29,0.28184,0.2585,0.26841
"Student(df=3)",30,0.28746,0.26462,0.27626
"Student(df=3)",31,0.26892,0.23945,0.24993
"Student(df=3)",32,0.25805,0.24354,0.25084
"Student(df=3)",33,0.26402,0.24326,0.2528
"Student(df=3)",34,0.25041,0.23533,0.24246
"Student(df=3)",35,0.25549,0.23383,0.24238
"Student(df=3)",36,0.24757,0.23048,0.23835
"Student(df=3)",37,0.24126,0.22672,0.23308
"Student(df=3)",38,0.23513,0.22141,0.22955
"Student(df=3)",39,0.23965,0.22336,0.23062
"Student(df=3)",40,0.22943,0.2139,0.22117
"Student(df=3)",41,0.2284,0.21494,0.22167
"Student(df=3)",42,0.21887,0.20534,0.21211
"Student(df=3)",43,0.21308,0.19639,0.20253
"Student(df=3)",44,0.21725,0.20173,0.2095
"Student(df=3)",45,0.23739,0.21647,0.22441
"Student(df=3)",46,0.21457,0.1992,0.20648
"Student(df=3)",47,0.22272,0.20788,0.21552
"Student(df=3)",48,0.2197,0.20706,0.21225
"Student(df=3)",49,0.20217,0.19167,0.19773
"Student(df=3)",50,0.21155,0.19764,0.20411
"Gumbel(loc=0, scale=1)",5,0.7686,0.57752,0.63472
"Gumbel(loc=0, scale=1)",6,0.53581,0.48296,0.50983
"Gumbel(loc=0, scale=1)",7,0.57868,0.47532,0.52216
"Gumbel(loc=0, scale=1)",8,0.5055,0.44259,0.47738
"Gumbel(loc=0, scale=1)",9,0.49578,0.41016,0.44413
"Gumbel(loc=0, scale=1)",10,0.42387,0.38407,0.40754
"Gumbel(loc=0, scale=1)",11,0.45869,0.39126,0.42063
"Gumbel(loc=0, scale=1)",12,0.42469,0.37952,0.40477
"Gumbel(loc=0, scale=1)",13,0.42152,0.36109,0.38587
"Gumbel(loc=0, scale=1)",14,0.36846,0.33008,0.35089
"Gumbel(loc=0, scale=1)",15,0.40244,0.34772,0.36833
"Gumbel(loc=0, scale=1)",16,0.36879,0.33217,0.35368
"Gumbel(loc=0, scale=1)",17,0.34715,0.30038,0.31647
"Gumbel(loc=0, scale=1)",18,0.32309,0.29398,0.31128
"Gumbel(loc=0, scale=1)",19,0.32957,0.29294,0.30731
"Gumbel(loc=0, scale=1)",20,0.30922,0.28129,0.29687
"Gumbel(loc=0, scale=1)",21,0.31732,0.28072,0.29566
"Gumbel(loc=0, scale=1)",22,0.3068,0.2782,0.29313
"Gumbel(loc=0, scale=1)",23,0.30096,0.26561,0.27932
"Gumbel(loc=0, scale=1)",24,0.28654,0.26249,0.27457
"Gumbel(loc=0, scale=1)",25,0.29953,0.26753,0.28278
"Gumbel(loc=0, scale=1)",26,0.27396,0.25363,0.26567
"Gumbel(loc=0, scale=1)",27,0.28083,0.25209,0.26314
"Gumbel(loc=0, scale=1)",28,0.27575,0.25585,0.26618
"Gumbel(loc=0, scale=1)",29,0.26947,0.24274,0.25273
"Gumbel(loc=0, scale=1)",30,0.26688,0.24295,0.25475
"Gumbel(loc=0, scale=1)",31,0.25546,0.23222,0.24232
"Gumbel(loc=0, scale=1)",32,0.25049,0.23133,0.2409
"Gumbel(loc=0, scale=1)",33,0.25537,0.23167,0.24083
"Gumbel(loc=0, scale=1)",34,0.23474,0.21917,0.22677
"Gumbel(loc=0, scale=1)",35,0.24401,0.22222,0.23041
"Gumbel(loc=0, scale=1)",36,0.22636,0.21101,0.219
"Gumbel(loc=0, scale=1)",37,0.23383,0.21489,0.22312
"Gumbel(loc=0, scale=1)",38,0.23063,0.21364,0.22319
"Gumbel(loc=0, scale=1)",39,0.22472,0.20654,0.21329
"Gumbel(loc=0, scale=1)",40,0.22215,0.2071,0.21453
"Gumbel(loc=0, scale=1)",41,0.21862,0.20433,0.21176
"Gumbel(loc=0, scale=1)",42,0.21918,0.20359,0.21175
"Gumbel(loc=0, scale=1)",43,0.21828,0.20278,0.21016
"Gumbel(loc=0, scale=1)",44,0.2141,0.19892,0.20591
"Gumbel(loc=0, scale=1)",45,0.20685,0.19169,0.19814
"Gumbel(loc=0, scale=1)",46,0.20708,0.19549,0.20219
"Gumbel(loc=0, scale=1)",47,0.20148,0.18247,0.18857
"Gumbel(loc=0, scale=1)",48,0.19998,0.18615,0.19302
"Gumbel(loc=0, scale=1)",49,0.20818,0.19382,0.2002
"Gumbel(loc=0, scale=1)",50,0.20018,0.18681,0.19326
"Exp(rate=1)",5,0.51256,0.43927,0.46428
"Exp(rate=1)",6,0.44278,0.42656,0.42438
"Exp(rate=1)",7,0.4251,0.37257,0.39642
"Exp(rate=1)",8,0.36735,0.34812,0.3568
"Exp(rate=1)",9,0.36579,0.32685,0.33803
"Exp(rate=1)",10,0.32392,0.30563,0.31497
"Exp(rate=1)",11,0.32747,0.29283,0.30466
"Exp(rate=1)",12,0.30557,0.28193,0.29518
"Exp(rate=1)",13,0.29726,0.27006,0.2798
"Exp(rate=1)",14,0.27528,0.25694,0.26797
"Exp(rate=1)",15,0.28282,0.2573,0.26688
"Exp(rate=1)",16,0.26317,0.2411,0.25282
"Exp(rate=1)",17,0.25103,0.23121,0.23764
"Exp(rate=1)",18,0.24985,0.2337,0.24239
"Exp(rate=1)",19,0.24477,0.22572,0.23321
"Exp(rate=1)",20,0.23956,0.22293,0.23103
"Exp(rate=1)",21,0.2474,0.22545,0.2341
"Exp(rate=1)",22,0.21823,0.2071,0.21133
"Exp(rate=1)",23,0.21734,0.20145,0.20616
"Exp(rate=1)",24,0.20536,0.19415,0.19994
"Exp(rate=1)",25,0.2004,0.18866,0.19544
"Exp(rate=1)",26,0.19738,0.18419,0.19051
"Exp(rate=1)",27,0.20091,0.18143,0.18811
"Exp(rate=1)",28,0.19539,0.18572,0.19005
"Exp(rate=1)",29,0.19251,0.18085,0.18471
"Exp(rate=1)",30,0.18562,0.17455,0.17984
"Exp(rate=1)",31,0.19377,0.18082,0.18562
"Exp(rate=1)",32,0.18547,0.17605,0.1799
"Exp(rate=1)",33,0.18984,0.17531,0.1812
"Exp(rate=1)",34,0.18312,0.17404,0.17873
"Exp(rate=1)",35,0.18374,0.16871,0.17428
"Exp(rate=1)",36,0.17928,0.17085,0.17593
"Exp(rate=1)",37,0.169,0.15603,0.16051
"Exp(rate=1)",38,0.18185,0.17191,0.17726
"Exp(rate=1)",39,0.16695,0.15807,0.16258
"Exp(rate=1)",40,0.16443,0.15278,0.15778
"Exp(rate=1)",41,0.16551,0.15686,0.16017
"Exp(rate=1)",42,0.1574,0.15111,0.15495
"Exp(rate=1)",43,0.16444,0.15341,0.15798
"Exp(rate=1)",44,0.16173,0.15285,0.15789
"Exp(rate=1)",45,0.15761,0.14617,0.1509
"Exp(rate=1)",46,0.15661,0.148,0.15187
"Exp(rate=1)",47,0.15504,0.14701,0.1507
"Exp(rate=1)",48,0.14585,0.13833,0.1418
"Exp(rate=1)",49,0.15264,0.14368,0.14753
"Exp(rate=1)",50,0.14602,0.14046,0.1436
"Cauchy(x0=0, gamma=1)",5,1.90198,10.91567,2.41199
"Cauchy(x0=0, gamma=1)",6,1.72896,15.50607,1.93979
"Cauchy(x0=0, gamma=1)",7,1.64049,43.72954,2.03272
"Cauchy(x0=0, gamma=1)",8,1.24441,2.44718,1.36359
"Cauchy(x0=0, gamma=1)",9,1.05036,1.80154,1.06917
"Cauchy(x0=0, gamma=1)",10,0.99177,1.46447,1.0074
"Cauchy(x0=0, gamma=1)",11,0.97742,1.96904,0.96775
"Cauchy(x0=0, gamma=1)",12,0.83423,0.95354,0.8249
"Cauchy(x0=0, gamma=1)",13,0.85473,0.93237,0.84414
"Cauchy(x0=0, gamma=1)",14,0.74014,0.77404,0.72945
"Cauchy(x0=0, gamma=1)",15,0.75239,0.79793,0.73996
"Cauchy(x0=0, gamma=1)",16,0.69256,0.73193,0.69514
"Cauchy(x0=0, gamma=1)",17,0.63062,0.67031,0.63194
"Cauchy(x0=0, gamma=1)",18,0.61078,0.62702,0.60408
"Cauchy(x0=0, gamma=1)",19,0.65393,0.63952,0.6271
"Cauchy(x0=0, gamma=1)",20,0.60983,0.62264,0.5996
"Cauchy(x0=0, gamma=1)",21,0.56559,0.55684,0.54658
"Cauchy(x0=0, gamma=1)",22,0.5775,0.58542,0.57167
"Cauchy(x0=0, gamma=1)",23,0.54318,0.53292,0.52659
"Cauchy(x0=0, gamma=1)",24,0.53963,0.54021,0.53142
"Cauchy(x0=0, gamma=1)",25,0.5248,0.51885,0.5116
"Cauchy(x0=0, gamma=1)",26,0.49799,0.48698,0.48455
"Cauchy(x0=0, gamma=1)",27,0.51852,0.48533,0.48712
"Cauchy(x0=0, gamma=1)",28,0.47949,0.4779,0.47203
"Cauchy(x0=0, gamma=1)",29,0.45572,0.44349,0.44272
"Cauchy(x0=0, gamma=1)",30,0.46398,0.45638,0.45673
"Cauchy(x0=0, gamma=1)",31,0.46893,0.4491,0.45076
"Cauchy(x0=0, gamma=1)",32,0.45175,0.442,0.44177
"Cauchy(x0=0, gamma=1)",33,0.44706,0.44174,0.44098
"Cauchy(x0=0, gamma=1)",34,0.41719,0.40735,0.40891
"Cauchy(x0=0, gamma=1)",35,0.43709,0.42028,0.42307
"Cauchy(x0=0, gamma=1)",36,0.4129,0.39898,0.40186
"Cauchy(x0=0, gamma=1)",37,0.42173,0.4147,0.41351
"Cauchy(x0=0, gamma=1)",38,0.41217,0.4044,0.40453
"Cauchy(x0=0, gamma=1)",39,0.40744,0.38994,0.39085
"Cauchy(x0=0, gamma=1)",40,0.37561,0.36256,0.36605
"Cauchy(x0=0, gamma=1)",41,0.40618,0.38213,0.38518
"Cauchy(x0=0, gamma=1)",42,0.36922,0.35491,0.36035
"Cauchy(x0=0, gamma=1)",43,0.37615,0.36475,0.36749
"Cauchy(x0=0, gamma=1)",44,0.38131,0.36378,0.36669
"Cauchy(x0=0, gamma=1)",45,0.37518,0.36351,0.36631
"Cauchy(x0=0, gamma=1)",46,0.3609,0.34864,0.35099
"Cauchy(x0=0, gamma=1)",47,0.36829,0.35293,0.35639
"Cauchy(x0=0, gamma=1)",48,0.37256,0.3628,0.36443
"Cauchy(x0=0, gamma=1)",49,0.35193,0.3381,0.34204
"Cauchy(x0=0, gamma=1)",50,0.35707,0.34478,0.34775
"Pareto(loc=1, shape=0.5)",5,26.79975,1645745.99617,154.80199
"Pareto(loc=1, shape=0.5)",6,51.23215,12909.42185,72.09957
"Pareto(loc=1, shape=0.5)",7,22.23879,105251.38075,41.65448
"Pareto(loc=1, shape=0.5)",8,24.71426,167048.36234,37.89451
"Pareto(loc=1, shape=0.5)",9,8.49519,4984.15006,12.34754
"Pareto(loc=1, shape=0.5)",10,17.80979,275359.25113,36.33246
"Pareto(loc=1, shape=0.5)",11,7.84051,756.12337,12.02375
"Pareto(loc=1, shape=0.5)",12,10.42382,9657.76151,12.82818
"Pareto(loc=1, shape=0.5)",13,7.67555,1228.33371,8.96716
"Pareto(loc=1, shape=0.5)",14,4.50515,323.17015,6.11436
"Pareto(loc=1, shape=0.5)",15,6.29178,54.59582,6.46311
"Pareto(loc=1, shape=0.5)",16,5.39129,23.65758,6.03393
"Pareto(loc=1, shape=0.5)",17,4.36085,2183.81221,5.10649
"Pareto(loc=1, shape=0.5)",18,3.59957,14.132,4.28587
"Pareto(loc=1, shape=0.5)",19,4.38099,7.50715,4.98667
"Pareto(loc=1, shape=0.5)",20,4.04301,6.30998,4.20627
"Pareto(loc=1, shape=0.5)",21,3.50056,5.93909,3.8249
"Pareto(loc=1, shape=0.5)",22,3.48518,5.31682,3.76735
"Pareto(loc=1, shape=0.5)",23,3.28978,4.80187,3.41834
"Pareto(loc=1, shape=0.5)",24,3.35337,4.7231,3.60328
"Pareto(loc=1, shape=0.5)",25,3.22634,4.03832,3.09202
"Pareto(loc=1, shape=0.5)",26,2.86384,3.98068,2.9653
"Pareto(loc=1, shape=0.5)",27,3.0641,3.79773,3.08883
"Pareto(loc=1, shape=0.5)",28,3.30119,3.9371,3.36219
"Pareto(loc=1, shape=0.5)",29,3.10505,3.84402,3.15844
"Pareto(loc=1, shape=0.5)",30,2.89342,3.71587,2.99788
"Pareto(loc=1, shape=0.5)",31,2.91273,3.64189,3.03084
"Pareto(loc=1, shape=0.5)",32,2.6804,3.19422,2.735
"Pareto(loc=1, shape=0.5)",33,2.70908,4.14065,2.91942
"Pareto(loc=1, shape=0.5)",34,2.39367,2.93905,2.42142
"Pareto(loc=1, shape=0.5)",35,2.39925,2.99528,2.45884
"Pareto(loc=1, shape=0.5)",36,2.47409,2.79822,2.49561
"Pareto(loc=1, shape=0.5)",37,2.15489,2.43984,2.14428
"Pareto(loc=1, shape=0.5)",38,2.34012,2.69888,2.32394
"Pareto(loc=1, shape=0.5)",39,2.137,2.44914,2.18203
"Pareto(loc=1, shape=0.5)",40,2.21278,2.52455,2.23317
"Pareto(loc=1, shape=0.5)",41,2.18143,2.58631,2.21925
"Pareto(loc=1, shape=0.5)",42,2.07038,2.39807,2.12045
"Pareto(loc=1, shape=0.5)",43,2.06055,2.41972,2.12813
"Pareto(loc=1, shape=0.5)",44,1.95468,2.14588,1.95773
"Pareto(loc=1, shape=0.5)",45,2.16929,2.29897,2.1321
"Pareto(loc=1, shape=0.5)",46,1.84991,2.09719,1.86497
"Pareto(loc=1, shape=0.5)",47,1.94157,2.13916,1.93577
"Pareto(loc=1, shape=0.5)",48,1.98103,2.13844,1.98213
"Pareto(loc=1, shape=0.5)",49,1.95194,2.16201,1.97518
"Pareto(loc=1, shape=0.5)",50,1.83129,2.02439,1.86839
"Pareto(loc=1, shape=2)",5,0.55941,1.02899,0.62637
"Pareto(loc=1, shape=2)",6,0.46478,0.66873,0.48684
"Pareto(loc=1, shape=2)",7,0.38486,0.53279,0.42692
"Pareto(loc=1, shape=2)",8,0.35568,0.57879,0.3687
"Pareto(loc=1, shape=2)",9,0.33757,0.40214,0.32238
"Pareto(loc=1, shape=2)",10,0.28778,0.32249,0.28964
"Pareto(loc=1, shape=2)",11,0.28081,0.30968,0.27789
"Pareto(loc=1, shape=2)",12,0.28607,0.30512,0.29075
"Pareto(loc=1, shape=2)",13,0.28148,0.2786,0.26905
"Pareto(loc=1, shape=2)",14,0.24057,0.24806,0.23644
"Pareto(loc=1, shape=2)",15,0.23585,0.24318,0.23485
"Pareto(loc=1, shape=2)",16,0.25454,0.24956,0.24639
"Pareto(loc=1, shape=2)",17,0.22382,0.22032,0.21675
"Pareto(loc=1, shape=2)",18,0.2118,0.21682,0.21029
"Pareto(loc=1, shape=2)",19,0.19642,0.19857,0.19311
"Pareto(loc=1, shape=2)",20,0.20294,0.20033,0.20067
"Pareto(loc=1, shape=2)",21,0.19646,0.19203,0.1912
"Pareto(loc=1, shape=2)",22,0.19798,0.196,0.19475
"Pareto(loc=1, shape=2)",23,0.18339,0.17791,0.17496
"Pareto(loc=1, shape=2)",24,0.18047,0.1771,0.1768
"Pareto(loc=1, shape=2)",25,0.17823,0.17685,0.17309
"Pareto(loc=1, shape=2)",26,0.16622,0.1632,0.16438
"Pareto(loc=1, shape=2)",27,0.16949,0.16687,0.16605
"Pareto(loc=1, shape=2)",28,0.16589,0.16234,0.16254
"Pareto(loc=1, shape=2)",29,0.16879,0.16391,0.16339
"Pareto(loc=1, shape=2)",30,0.15555,0.1532,0.15332
"Pareto(loc=1, shape=2)",31,0.15387,0.14669,0.14788
"Pareto(loc=1, shape=2)",32,0.15217,0.14858,0.14965
"Pareto(loc=1, shape=2)",33,0.15173,0.14724,0.14803
"Pareto(loc=1, shape=2)",34,0.15415,0.15139,0.15047
"Pareto(loc=1, shape=2)",35,0.14852,0.14411,0.14405
"Pareto(loc=1, shape=2)",36,0.1436,0.14201,0.14207
"Pareto(loc=1, shape=2)",37,0.15163,0.14403,0.14617
"Pareto(loc=1, shape=2)",38,0.14151,0.13845,0.13928
"Pareto(loc=1, shape=2)",39,0.149,0.14377,0.14585
"Pareto(loc=1, shape=2)",40,0.14128,0.1354,0.13759
"Pareto(loc=1, shape=2)",41,0.13632,0.13025,0.13061
"Pareto(loc=1, shape=2)",42,0.13618,0.13098,0.13353
"Pareto(loc=1, shape=2)",43,0.13065,0.12642,0.1269
"Pareto(loc=1, shape=2)",44,0.13169,0.12748,0.12871
"Pareto(loc=1, shape=2)",45,0.13055,0.12574,0.12704
"Pareto(loc=1, shape=2)",46,0.12349,0.1182,0.11995
"Pareto(loc=1, shape=2)",47,0.12976,0.12705,0.12767
"Pareto(loc=1, shape=2)",48,0.12045,0.11796,0.11825
"Pareto(loc=1, shape=2)",49,0.12382,0.12003,0.12059
"Pareto(loc=1, shape=2)",50,0.12335,0.11907,0.12035
"LogNormal(mlog=0, sdlog=1)",5,0.85297,0.99406,0.90673
"LogNormal(mlog=0, sdlog=1)",6,0.76475,0.87051,0.76632
"LogNormal(mlog=0, sdlog=1)",7,0.66914,0.67239,0.64973
"LogNormal(mlog=0, sdlog=1)",8,0.57274,0.63048,0.58693
"LogNormal(mlog=0, sdlog=1)",9,0.54487,0.52861,0.51119
"LogNormal(mlog=0, sdlog=1)",10,0.48673,0.51488,0.49104
"LogNormal(mlog=0, sdlog=1)",11,0.47658,0.46179,0.44739
"LogNormal(mlog=0, sdlog=1)",12,0.44327,0.46695,0.45177
"LogNormal(mlog=0, sdlog=1)",13,0.43344,0.41847,0.41063
"LogNormal(mlog=0, sdlog=1)",14,0.40816,0.39575,0.39914
"LogNormal(mlog=0, sdlog=1)",15,0.39402,0.38043,0.37983
"LogNormal(mlog=0, sdlog=1)",16,0.37148,0.36123,0.36447
"LogNormal(mlog=0, sdlog=1)",17,0.34971,0.32431,0.32987
"LogNormal(mlog=0, sdlog=1)",18,0.35085,0.33905,0.34188
"LogNormal(mlog=0, sdlog=1)",19,0.34946,0.33307,0.33207
"LogNormal(mlog=0, sdlog=1)",20,0.32896,0.31526,0.31946
"LogNormal(mlog=0, sdlog=1)",21,0.33351,0.31755,0.32292
"LogNormal(mlog=0, sdlog=1)",22,0.30582,0.29875,0.29917
"LogNormal(mlog=0, sdlog=1)",23,0.30663,0.2899,0.29253
"LogNormal(mlog=0, sdlog=1)",24,0.30642,0.29886,0.30047
"LogNormal(mlog=0, sdlog=1)",25,0.29212,0.28368,0.28432
"LogNormal(mlog=0, sdlog=1)",26,0.29965,0.28706,0.29195
"LogNormal(mlog=0, sdlog=1)",27,0.29693,0.28352,0.28607
"LogNormal(mlog=0, sdlog=1)",28,0.27716,0.26407,0.27012
"LogNormal(mlog=0, sdlog=1)",29,0.28162,0.267,0.27321
"LogNormal(mlog=0, sdlog=1)",30,0.27137,0.26233,0.26646
"LogNormal(mlog=0, sdlog=1)",31,0.26021,0.24503,0.24715
"LogNormal(mlog=0, sdlog=1)",32,0.25078,0.24179,0.24493
"LogNormal(mlog=0, sdlog=1)",33,0.26003,0.24809,0.25195
"LogNormal(mlog=0, sdlog=1)",34,0.23929,0.23171,0.23625
"LogNormal(mlog=0, sdlog=1)",35,0.24595,0.23641,0.23998
"LogNormal(mlog=0, sdlog=1)",36,0.25123,0.24131,0.24483
"LogNormal(mlog=0, sdlog=1)",37,0.23564,0.22331,0.22697
"LogNormal(mlog=0, sdlog=1)",38,0.22754,0.21854,0.22168
"LogNormal(mlog=0, sdlog=1)",39,0.23058,0.21751,0.22047
"LogNormal(mlog=0, sdlog=1)",40,0.24768,0.23416,0.23817
"LogNormal(mlog=0, sdlog=1)",41,0.22082,0.21368,0.21664
"LogNormal(mlog=0, sdlog=1)",42,0.23217,0.22341,0.22727
"LogNormal(mlog=0, sdlog=1)",43,0.21669,0.20596,0.21046
"LogNormal(mlog=0, sdlog=1)",44,0.22027,0.21075,0.21447
"LogNormal(mlog=0, sdlog=1)",45,0.21573,0.2056,0.20756
"LogNormal(mlog=0, sdlog=1)",46,0.20653,0.20063,0.20273
"LogNormal(mlog=0, sdlog=1)",47,0.20479,0.19677,0.19956
"LogNormal(mlog=0, sdlog=1)",48,0.20895,0.20145,0.20484
"LogNormal(mlog=0, sdlog=1)",49,0.20554,0.19696,0.19929
"LogNormal(mlog=0, sdlog=1)",50,0.20301,0.1935,0.19658
"LogNormal(mlog=0, sdlog=2)",5,3.31668,18.32727,4.39034
"LogNormal(mlog=0, sdlog=2)",6,2.65489,11.50214,3.09494
"LogNormal(mlog=0, sdlog=2)",7,2.38579,6.44173,3.04427
"LogNormal(mlog=0, sdlog=2)",8,1.90461,3.34712,2.23112
"LogNormal(mlog=0, sdlog=2)",9,1.84505,2.97764,1.98395
"LogNormal(mlog=0, sdlog=2)",10,1.74867,2.68071,1.97629
"LogNormal(mlog=0, sdlog=2)",11,1.59049,2.32568,1.70716
"LogNormal(mlog=0, sdlog=2)",12,1.37054,1.98359,1.5032
"LogNormal(mlog=0, sdlog=2)",13,1.27259,1.76238,1.34035
"LogNormal(mlog=0, sdlog=2)",14,1.27828,1.87178,1.36625
"LogNormal(mlog=0, sdlog=2)",15,1.18088,1.42125,1.20114
"LogNormal(mlog=0, sdlog=2)",16,1.19121,1.47677,1.20839
"LogNormal(mlog=0, sdlog=2)",17,1.17208,1.40173,1.19772
"LogNormal(mlog=0, sdlog=2)",18,1.06905,1.28391,1.09142
"LogNormal(mlog=0, sdlog=2)",19,1.14449,1.30312,1.19715
"LogNormal(mlog=0, sdlog=2)",20,0.89964,1.04423,0.91976
"LogNormal(mlog=0, sdlog=2)",21,0.92218,1.02117,0.91233
"LogNormal(mlog=0, sdlog=2)",22,0.85114,0.95668,0.85874
"LogNormal(mlog=0, sdlog=2)",23,0.7841,0.88894,0.79819
"LogNormal(mlog=0, sdlog=2)",24,0.8274,0.8949,0.82683
"LogNormal(mlog=0, sdlog=2)",25,0.88608,0.9372,0.86146
"LogNormal(mlog=0, sdlog=2)",26,0.816,0.90049,0.8311
"LogNormal(mlog=0, sdlog=2)",27,0.78502,0.807,0.76474
"LogNormal(mlog=0, sdlog=2)",28,0.77186,0.82451,0.76428
"LogNormal(mlog=0, sdlog=2)",29,0.72823,0.76059,0.72253
"LogNormal(mlog=0, sdlog=2)",30,0.73579,0.76229,0.72171
"LogNormal(mlog=0, sdlog=2)",31,0.69693,0.71652,0.68822
"LogNormal(mlog=0, sdlog=2)",32,0.69685,0.74484,0.6959
"LogNormal(mlog=0, sdlog=2)",33,0.72227,0.7266,0.70107
"LogNormal(mlog=0, sdlog=2)",34,0.67791,0.70993,0.67278
"LogNormal(mlog=0, sdlog=2)",35,0.66259,0.69268,0.66107
"LogNormal(mlog=0, sdlog=2)",36,0.64449,0.67074,0.64368
"LogNormal(mlog=0, sdlog=2)",37,0.66057,0.67174,0.64865
"LogNormal(mlog=0, sdlog=2)",38,0.63094,0.65384,0.62714
"LogNormal(mlog=0, sdlog=2)",39,0.61984,0.61777,0.59923
"LogNormal(mlog=0, sdlog=2)",40,0.58245,0.61623,0.58292
"LogNormal(mlog=0, sdlog=2)",41,0.59145,0.59982,0.58051
"LogNormal(mlog=0, sdlog=2)",42,0.61833,0.62517,0.60695
"LogNormal(mlog=0, sdlog=2)",43,0.56868,0.58434,0.55804
"LogNormal(mlog=0, sdlog=2)",44,0.51302,0.53036,0.50919
"LogNormal(mlog=0, sdlog=2)",45,0.54989,0.56091,0.54757
"LogNormal(mlog=0, sdlog=2)",46,0.56334,0.56615,0.55668
"LogNormal(mlog=0, sdlog=2)",47,0.55645,0.56203,0.55252
"LogNormal(mlog=0, sdlog=2)",48,0.51766,0.52061,0.51159
"LogNormal(mlog=0, sdlog=2)",49,0.52836,0.55106,0.52899
"LogNormal(mlog=0, sdlog=2)",50,0.52808,0.54138,0.52196
"LogNormal(mlog=0, sdlog=3)",5,14.53349,833.2247,31.64299
"LogNormal(mlog=0, sdlog=3)",6,14.2877,192.92351,24.39083
"LogNormal(mlog=0, sdlog=3)",7,8.39402,65.66289,13.33144
"LogNormal(mlog=0, sdlog=3)",8,5.48865,79.79826,8.59531
"LogNormal(mlog=0, sdlog=3)",9,5.4396,28.49198,7.48664
"LogNormal(mlog=0, sdlog=3)",10,5.22983,18.52553,6.12274
"LogNormal(mlog=0, sdlog=3)",11,4.38581,11.54937,4.93415
"LogNormal(mlog=0, sdlog=3)",12,4.35241,10.92087,5.23544
"LogNormal(mlog=0, sdlog=3)",13,3.024,7.48478,3.98058
"LogNormal(mlog=0, sdlog=3)",14,3.51566,7.1266,3.88714
"LogNormal(mlog=0, sdlog=3)",15,2.67099,5.10597,3.18676
"LogNormal(mlog=0, sdlog=3)",16,2.77173,4.49755,2.87481
"LogNormal(mlog=0, sdlog=3)",17,2.28226,4.34447,2.76991
"LogNormal(mlog=0, sdlog=3)",18,2.41658,3.84345,2.53806
"LogNormal(mlog=0, sdlog=3)",19,2.61941,3.52644,2.73197
"LogNormal(mlog=0, sdlog=3)",20,1.99056,3.09638,2.1594
"LogNormal(mlog=0, sdlog=3)",21,2.093,3.13082,2.32612
"LogNormal(mlog=0, sdlog=3)",22,2.04791,3.1736,2.25183
"LogNormal(mlog=0, sdlog=3)",23,1.78383,2.41575,1.83562
"LogNormal(mlog=0, sdlog=3)",24,1.79252,2.8165,1.8366
"LogNormal(mlog=0, sdlog=3)",25,1.63912,2.11032,1.66196
"LogNormal(mlog=0, sdlog=3)",26,1.73145,2.28052,1.85455
"LogNormal(mlog=0, sdlog=3)",27,1.62321,2.03166,1.6136
"LogNormal(mlog=0, sdlog=3)",28,1.64349,2.14488,1.68939
"LogNormal(mlog=0, sdlog=3)",29,1.47795,1.92541,1.52193
"LogNormal(mlog=0, sdlog=3)",30,1.42197,1.81345,1.44621
"LogNormal(mlog=0, sdlog=3)",31,1.43039,1.78318,1.45917
"LogNormal(mlog=0, sdlog=3)",32,1.33176,1.56772,1.33892
"LogNormal(mlog=0, sdlog=3)",33,1.27942,1.5458,1.29876
"LogNormal(mlog=0, sdlog=3)",34,1.18975,1.46646,1.2388
"LogNormal(mlog=0, sdlog=3)",35,1.24592,1.54336,1.28096
"LogNormal(mlog=0, sdlog=3)",36,1.18852,1.46637,1.22793
"LogNormal(mlog=0, sdlog=3)",37,1.24903,1.41892,1.2265
"LogNormal(mlog=0, sdlog=3)",38,1.23666,1.43146,1.26565
"LogNormal(mlog=0, sdlog=3)",39,1.09307,1.30397,1.10975
"LogNormal(mlog=0, sdlog=3)",40,1.17133,1.38258,1.18318
"LogNormal(mlog=0, sdlog=3)",41,1.07984,1.27245,1.08541
"LogNormal(mlog=0, sdlog=3)",42,1.09721,1.25673,1.08495
"LogNormal(mlog=0, sdlog=3)",43,1.03806,1.21956,1.06572
"LogNormal(mlog=0, sdlog=3)",44,1.02066,1.17795,1.04719
"LogNormal(mlog=0, sdlog=3)",45,0.99804,1.0969,0.98871
"LogNormal(mlog=0, sdlog=3)",46,1.02096,1.18994,1.03318
"LogNormal(mlog=0, sdlog=3)",47,0.99613,1.14587,1.00419
"LogNormal(mlog=0, sdlog=3)",48,0.92225,1.05253,0.92094
"LogNormal(mlog=0, sdlog=3)",49,0.97088,1.06511,0.95481
"LogNormal(mlog=0, sdlog=3)",50,0.97008,1.05422,0.96168
"Weibull(shape=0.3)",5,3.80937,16.26314,7.22818
"Weibull(shape=0.3)",6,4.17275,11.45129,5.1621
"Weibull(shape=0.3)",7,2.82801,8.35108,3.69177
"Weibull(shape=0.3)",8,3.54107,7.17828,4.21313
"Weibull(shape=0.3)",9,2.44136,4.61147,2.4795
"Weibull(shape=0.3)",10,1.96689,3.57179,2.43906
"Weibull(shape=0.3)",11,1.77606,3.42331,2.08224
"Weibull(shape=0.3)",12,1.76329,3.30229,2.13275
"Weibull(shape=0.3)",13,1.30261,2.11979,1.3891
"Weibull(shape=0.3)",14,1.15933,2.15397,1.35395
"Weibull(shape=0.3)",15,1.12589,1.84541,1.26792
"Weibull(shape=0.3)",16,0.99413,1.45325,1.07093
"Weibull(shape=0.3)",17,1.07003,1.49605,1.10395
"Weibull(shape=0.3)",18,0.81386,1.36386,0.95663
"Weibull(shape=0.3)",19,0.84602,1.2367,0.9228
"Weibull(shape=0.3)",20,0.75539,1.16649,0.83627
"Weibull(shape=0.3)",21,0.71711,0.98637,0.7439
"Weibull(shape=0.3)",22,0.80389,1.09977,0.82502
"Weibull(shape=0.3)",23,0.675,0.95248,0.69877
"Weibull(shape=0.3)",24,0.68868,0.88931,0.71877
"Weibull(shape=0.3)",25,0.64436,0.83558,0.65066
"Weibull(shape=0.3)",26,0.70407,0.8912,0.73265
"Weibull(shape=0.3)",27,0.6322,0.78945,0.64391
"Weibull(shape=0.3)",28,0.6542,0.80094,0.66756
"Weibull(shape=0.3)",29,0.51752,0.67383,0.55183
"Weibull(shape=0.3)",30,0.56652,0.76025,0.60365
"Weibull(shape=0.3)",31,0.59042,0.71046,0.59605
"Weibull(shape=0.3)",32,0.50633,0.6341,0.51761
"Weibull(shape=0.3)",33,0.49634,0.63398,0.52489
"Weibull(shape=0.3)",34,0.48294,0.60138,0.50211
"Weibull(shape=0.3)",35,0.50848,0.58528,0.50775
"Weibull(shape=0.3)",36,0.50042,0.59187,0.51182
"Weibull(shape=0.3)",37,0.52268,0.59686,0.51315
"Weibull(shape=0.3)",38,0.45874,0.53339,0.4599
"Weibull(shape=0.3)",39,0.47655,0.5645,0.48313
"Weibull(shape=0.3)",40,0.46655,0.52594,0.46371
"Weibull(shape=0.3)",41,0.45572,0.53685,0.4635
"Weibull(shape=0.3)",42,0.41549,0.49793,0.43096
"Weibull(shape=0.3)",43,0.45461,0.5035,0.45344
"Weibull(shape=0.3)",44,0.45108,0.51819,0.45495
"Weibull(shape=0.3)",45,0.38767,0.45048,0.39228
"Weibull(shape=0.3)",46,0.38754,0.44969,0.39292
"Weibull(shape=0.3)",47,0.35968,0.39752,0.35351
"Weibull(shape=0.3)",48,0.38186,0.4606,0.39894
"Weibull(shape=0.3)",49,0.39682,0.45199,0.39868
"Weibull(shape=0.3)",50,0.3773,0.42426,0.38073
"Weibull(shape=0.5)",5,1.4504,2.07546,1.73388
"Weibull(shape=0.5)",6,1.22528,1.71737,1.34034
"Weibull(shape=0.5)",7,1.04211,1.25237,1.1018
"Weibull(shape=0.5)",8,0.84049,1.11519,0.90999
"Weibull(shape=0.5)",9,0.95127,1.04925,0.95605
"Weibull(shape=0.5)",10,0.83362,0.93277,0.83664
"Weibull(shape=0.5)",11,0.75355,0.83846,0.74933
"Weibull(shape=0.5)",12,0.79459,0.89642,0.81499
"Weibull(shape=0.5)",13,0.72167,0.75953,0.70072
"Weibull(shape=0.5)",14,0.62373,0.70626,0.635
"Weibull(shape=0.5)",15,0.62869,0.65655,0.60263
"Weibull(shape=0.5)",16,0.54311,0.58257,0.53598
"Weibull(shape=0.5)",17,0.57807,0.59333,0.5594
"Weibull(shape=0.5)",18,0.5074,0.55123,0.50493
"Weibull(shape=0.5)",19,0.50578,0.50119,0.48503
"Weibull(shape=0.5)",20,0.49629,0.51861,0.49572
"Weibull(shape=0.5)",21,0.52439,0.51957,0.50366
"Weibull(shape=0.5)",22,0.48273,0.50497,0.48189
"Weibull(shape=0.5)",23,0.45123,0.4706,0.44385
"Weibull(shape=0.5)",24,0.44525,0.46272,0.44763
"Weibull(shape=0.5)",25,0.45349,0.45348,0.44251
"Weibull(shape=0.5)",26,0.41823,0.43205,0.41933
"Weibull(shape=0.5)",27,0.41801,0.4192,0.40966
"Weibull(shape=0.5)",28,0.3946,0.40027,0.38898
"Weibull(shape=0.5)",29,0.38465,0.38848,0.37751
"Weibull(shape=0.5)",30,0.39432,0.39783,0.39251
"Weibull(shape=0.5)",31,0.38381,0.38243,0.37337
"Weibull(shape=0.5)",32,0.40915,0.41094,0.4008
"Weibull(shape=0.5)",33,0.35279,0.35537,0.34863
"Weibull(shape=0.5)",34,0.36607,0.36885,0.3613
"Weibull(shape=0.5)",35,0.38078,0.37123,0.37348
"Weibull(shape=0.5)",36,0.34972,0.34705,0.34319
"Weibull(shape=0.5)",37,0.35321,0.34628,0.34446
"Weibull(shape=0.5)",38,0.33738,0.3256,0.32531
"Weibull(shape=0.5)",39,0.32791,0.32184,0.32166
"Weibull(shape=0.5)",40,0.33161,0.33177,0.3262
"Weibull(shape=0.5)",41,0.31389,0.30556,0.30066
"Weibull(shape=0.5)",42,0.33351,0.32623,0.32762
"Weibull(shape=0.5)",43,0.32326,0.31253,0.31183
"Weibull(shape=0.5)",44,0.32626,0.31409,0.31601
"Weibull(shape=0.5)",45,0.31241,0.30367,0.3054
"Weibull(shape=0.5)",46,0.30538,0.29742,0.2981
"Weibull(shape=0.5)",47,0.30771,0.29797,0.3006
"Weibull(shape=0.5)",48,0.29,0.28938,0.28756
"Weibull(shape=0.5)",49,0.29326,0.28347,0.28513
"Weibull(shape=0.5)",50,0.28678,0.28149,0.28117
"Frechet(shape=1)",5,4.51691,52.16184,9.99457
"Frechet(shape=1)",6,2.03234,10.31802,2.30201
"Frechet(shape=1)",7,2.40358,22.52433,2.39794
"Frechet(shape=1)",8,1.40371,6.64503,1.57061
"Frechet(shape=1)",9,1.41348,6.07236,1.47188
"Frechet(shape=1)",10,1.06527,2.21435,1.18508
"Frechet(shape=1)",11,1.20753,1.7795,1.23743
"Frechet(shape=1)",12,1.06039,1.50277,1.16846
"Frechet(shape=1)",13,0.99134,1.62528,1.00127
"Frechet(shape=1)",14,0.87434,1.10068,0.90116
"Frechet(shape=1)",15,0.93933,1.04825,0.92251
"Frechet(shape=1)",16,0.79939,0.99904,0.8081
"Frechet(shape=1)",17,0.80204,0.94308,0.82423
"Frechet(shape=1)",18,0.76313,0.84791,0.77176
"Frechet(shape=1)",19,0.7503,0.83609,0.75413
"Frechet(shape=1)",20,0.61955,0.67529,0.61933
"Frechet(shape=1)",21,0.68194,0.74271,0.68757
"Frechet(shape=1)",22,0.64795,0.74517,0.65482
"Frechet(shape=1)",23,0.64332,0.68546,0.64501
"Frechet(shape=1)",24,0.6097,0.64843,0.6101
"Frechet(shape=1)",25,0.5937,0.63555,0.5915
"Frechet(shape=1)",26,0.56837,0.57833,0.55957
"Frechet(shape=1)",27,0.57352,0.57282,0.55029
"Frechet(shape=1)",28,0.55048,0.56969,0.54634
"Frechet(shape=1)",29,0.55075,0.56637,0.54004
"Frechet(shape=1)",30,0.52381,0.54692,0.51659
"Frechet(shape=1)",31,0.52043,0.53365,0.51281
"Frechet(shape=1)",32,0.51049,0.52297,0.50585
"Frechet(shape=1)",33,0.51813,0.51437,0.50023
"Frechet(shape=1)",34,0.50018,0.52952,0.50124
"Frechet(shape=1)",35,0.4993,0.4986,0.47868
"Frechet(shape=1)",36,0.473,0.47865,0.4668
"Frechet(shape=1)",37,0.45932,0.46777,0.45181
"Frechet(shape=1)",38,0.46272,0.46169,0.45539
"Frechet(shape=1)",39,0.45675,0.46099,0.44901
"Frechet(shape=1)",40,0.46888,0.46899,0.4628
"Frechet(shape=1)",41,0.42584,0.41993,0.41318
"Frechet(shape=1)",42,0.43671,0.4376,0.43262
"Frechet(shape=1)",43,0.44685,0.44736,0.43946
"Frechet(shape=1)",44,0.42483,0.43413,0.42541
"Frechet(shape=1)",45,0.4107,0.40889,0.40377
"Frechet(shape=1)",46,0.39615,0.39501,0.39054
"Frechet(shape=1)",47,0.40177,0.40286,0.39722
"Frechet(shape=1)",48,0.41353,0.41301,0.4074
"Frechet(shape=1)",49,0.42052,0.41173,0.40805
"Frechet(shape=1)",50,0.40157,0.40675,0.39691
"Frechet(shape=3)",5,0.33142,0.36559,0.32749
"Frechet(shape=3)",6,0.28485,0.30021,0.27936
"Frechet(shape=3)",7,0.27658,0.28746,0.27159
"Frechet(shape=3)",8,0.21643,0.21819,0.21044
"Frechet(shape=3)",9,0.21537,0.22077,0.21453
"Frechet(shape=3)",10,0.19069,0.19149,0.18798
"Frechet(shape=3)",11,0.19294,0.18268,0.18329
"Frechet(shape=3)",12,0.1836,0.17856,0.18019
"Frechet(shape=3)",13,0.17427,0.17133,0.169
"Frechet(shape=3)",14,0.16149,0.15498,0.15702
"Frechet(shape=3)",15,0.16645,0.15521,0.15773
"Frechet(shape=3)",16,0.14876,0.13979,0.14406
"Frechet(shape=3)",17,0.14893,0.13779,0.1396
"Frechet(shape=3)",18,0.14115,0.13593,0.13819
"Frechet(shape=3)",19,0.14347,0.13294,0.1365
"Frechet(shape=3)",20,0.13156,0.12846,0.13019
"Frechet(shape=3)",21,0.12644,0.11793,0.12078
"Frechet(shape=3)",22,0.13187,0.12335,0.1271
"Frechet(shape=3)",23,0.13459,0.12572,0.12809
"Frechet(shape=3)",24,0.12475,0.11852,0.12087
"Frechet(shape=3)",25,0.12223,0.11169,0.11511
"Frechet(shape=3)",26,0.11472,0.10792,0.11051
"Frechet(shape=3)",27,0.11451,0.10644,0.10862
"Frechet(shape=3)",28,0.10972,0.10521,0.1066
"Frechet(shape=3)",29,0.11431,0.10672,0.10947
"Frechet(shape=3)",30,0.10771,0.10181,0.10452
"Frechet(shape=3)",31,0.11226,0.10613,0.10852
"Frechet(shape=3)",32,0.10641,0.10168,0.10378
"Frechet(shape=3)",33,0.10836,0.09988,0.10253
"Frechet(shape=3)",34,0.10097,0.09689,0.09858
"Frechet(shape=3)",35,0.10284,0.09635,0.0985
"Frechet(shape=3)",36,0.09726,0.09236,0.09457
"Frechet(shape=3)",37,0.09766,0.09373,0.09494
"Frechet(shape=3)",38,0.09603,0.09008,0.09253
"Frechet(shape=3)",39,0.09712,0.09152,0.0929
"Frechet(shape=3)",40,0.09383,0.08901,0.0911
"Frechet(shape=3)",41,0.09293,0.08652,0.08919
"Frechet(shape=3)",42,0.08692,0.08271,0.08441
"Frechet(shape=3)",43,0.09022,0.08735,0.08845
"Frechet(shape=3)",44,0.08882,0.08484,0.08657
"Frechet(shape=3)",45,0.08816,0.08374,0.08541
"Frechet(shape=3)",46,0.08518,0.0827,0.08374
"Frechet(shape=3)",47,0.08609,0.0803,0.08253
"Frechet(shape=3)",48,0.08967,0.08482,0.08645
"Frechet(shape=3)",49,0.08445,0.07943,0.08158
"Frechet(shape=3)",50,0.08435,0.08057,0.08173
